{"rollout/ep_rew_mean":889.5322,"train/std":22.921766,"train/clip_range":0.2,"eval/mean_reward":1530.7054,"train/policy_gradient_loss":-0.0026334943,"train/explained_variance":0.87516654,"_timestamp":1.7479341157593012e+09,"global_step":1007616,"train/entropy_loss":-13.125469,"train/learning_rate":0.0005,"_runtime":989.189617,"train/loss":98.887856,"_wandb":{"runtime":989},"time/fps":1020,"train/approx_kl":0.0056077153,"_step":6837,"eval/mean_ep_length":500,"rollout/ep_len_mean":277.81,"train/value_loss":440.41718,"train/clip_fraction":0.040771484}