{"train/approx_kl":0.0072053857,"train/explained_variance":0.90999126,"train/policy_gradient_loss":-0.0038865213,"rollout/ep_rew_mean":865.6324,"train/clip_range":0.2,"train/clip_fraction":0.06567383,"train/std":21.044714,"train/entropy_loss":-13.02644,"time/fps":1315,"eval/mean_reward":1411.0258,"eval/mean_ep_length":500,"_timestamp":1.747758882534783e+09,"train/loss":150.16405,"_runtime":771.439209,"train/learning_rate":0.0005,"train/value_loss":346.0724,"global_step":1007616,"rollout/ep_len_mean":269.34,"_wandb":{"runtime":773},"_step":6836}