{"rollout/ep_len_mean":311.25,"train/loss":50.62083,"train/clip_range":0.2,"train/std":19.93505,"time/fps":1402,"train/entropy_loss":-12.873054,"rollout/ep_rew_mean":1012.1026,"train/learning_rate":0.0005,"_wandb":{"runtime":726},"_runtime":722.03324,"_step":6836,"global_step":1007616,"_timestamp":1.747757419494428e+09,"train/value_loss":230.87045,"eval/mean_reward":1584.9313,"eval/mean_ep_length":500,"train/clip_fraction":0.060424805,"train/policy_gradient_loss":-0.0021847857,"train/approx_kl":0.0071120304,"train/explained_variance":0.940704}