{"_step":295,"train/clip_range":0.2,"train/explained_variance":0.24883044,"train/value_loss":254.75952,"_runtime":15.683367,"eval/mean_reward":219.809,"_wandb":{"runtime":15},"train/loss":115.16416,"rollout/ep_rew_mean":121.47786,"time/fps":3158,"train/std":1.0666467,"train/learning_rate":0.0005,"train/clip_fraction":0.113708496,"train/approx_kl":0.009266752,"train/entropy_loss":-4.437963,"global_step":44160,"rollout/ep_len_mean":65.19,"_timestamp":1.747933001913161e+09,"train/policy_gradient_loss":-0.017466508,"eval/mean_ep_length":97.4}