{"train/entropy_loss":-13.023819,"_wandb":{"runtime":672},"rollout/ep_len_mean":301.02,"_step":6836,"time/fps":1506,"train/policy_gradient_loss":-0.0037248444,"rollout/ep_rew_mean":968.3014,"train/explained_variance":0.9448375,"train/loss":31.893946,"global_step":1007616,"_timestamp":1.747929765257379e+09,"train/clip_range":0.2,"train/clip_fraction":0.038769532,"train/learning_rate":0.0005,"train/approx_kl":0.00440235,"train/std":21.408411,"eval/mean_ep_length":344,"train/value_loss":194.2504,"eval/mean_reward":1138.5396,"_runtime":671.215493}