{"train/value_loss":479.35654,"train/learning_rate":0.0005,"rollout/ep_len_mean":292.78,"train/clip_range":0.2,"_timestamp":1.747771745905761e+09,"rollout/ep_rew_mean":942.3867,"train/clip_fraction":0.04737549,"global_step":1007616,"train/std":19.20524,"train/entropy_loss":-12.819279,"time/fps":1370,"_step":6836,"train/approx_kl":0.0064428397,"_wandb":{"runtime":742},"_runtime":741.336487,"eval/mean_reward":1394.5503,"train/explained_variance":0.8561329,"train/policy_gradient_loss":-0.002553594,"eval/mean_ep_length":500,"train/loss":329.8707}