{"_runtime":846.609859,"train/learning_rate":0.0003,"train/critic_loss":4.558651,"eval/mean_ep_length":227.4,"train/actor_loss":-211.64474,"train/ent_coef_loss":-0.57736087,"_wandb":{"runtime":851},"_timestamp":1.747237545204611e+09,"train/ent_coef":0.0571866,"eval/mean_reward":689.258,"rollout/ep_rew_mean":1123.6405,"time/fps":1182,"_step":11484,"global_step":998912,"rollout/ep_len_mean":389.15}