{"_runtime":746.246885,"rollout/ep_len_mean":290.51,"train/clip_fraction":0.050231934,"time/fps":1355,"global_step":1007616,"eval/mean_reward":1592.6775,"eval/mean_ep_length":500,"train/explained_variance":0.965383,"train/approx_kl":0.0053015333,"_timestamp":1.747928502495538e+09,"train/std":18.599129,"train/loss":38.31625,"rollout/ep_rew_mean":934.2374,"train/policy_gradient_loss":-0.003342667,"_step":6836,"train/clip_range":0.2,"train/learning_rate":0.0005,"_wandb":{"runtime":747},"train/value_loss":82.9579,"train/entropy_loss":-12.728164}