{"eval/mean_ep_length":500,"train/clip_fraction":0.062072754,"train/clip_range":0.2,"_runtime":701.474277,"time/fps":1442,"train/approx_kl":0.0066144317,"_step":6836,"train/loss":278.24634,"_timestamp":1.747770128018867e+09,"train/explained_variance":0.8863778,"global_step":1007616,"train/learning_rate":0.0005,"eval/mean_reward":1464.8192,"train/entropy_loss":-12.847968,"_wandb":{"runtime":705},"rollout/ep_rew_mean":1028.3881,"train/std":20.72084,"train/value_loss":358.6873,"train/policy_gradient_loss":-0.002791861,"rollout/ep_len_mean":320.85}